FileName,FilePath 
0000.tif,E:\Myreconstruction\ThreeD-recontrution\ThreeD-recontrution\4out\0000.tif 
0001.tif,E:\Myreconstruction\ThreeD-recontrution\ThreeD-recontrution\4out\0001.tif 
0002.tif,E:\Myreconstruction\ThreeD-recontrution\ThreeD-recontrution\4out\0002.tif 
0003.tif,E:\Myreconstruction\ThreeD-recontrution\ThreeD-recontrution\4out\0003.tif 
0004.tif,E:\Myreconstruction\ThreeD-recontrution\ThreeD-recontrution\4out\0004.tif 
0005.tif,E:\Myreconstruction\ThreeD-recontrution\ThreeD-recontrution\4out\0005.tif 
0006.tif,E:\Myreconstruction\ThreeD-recontrution\ThreeD-recontrution\4out\0006.tif 
0007.tif,E:\Myreconstruction\ThreeD-recontrution\ThreeD-recontrution\4out\0007.tif 
0008.tif,E:\Myreconstruction\ThreeD-recontrution\ThreeD-recontrution\4out\0008.tif 
0009.tif,E:\Myreconstruction\ThreeD-recontrution\ThreeD-recontrution\4out\0009.tif 
0010.tif,E:\Myreconstruction\ThreeD-recontrution\ThreeD-recontrution\4out\0010.tif 
0011.tif,E:\Myreconstruction\ThreeD-recontrution\ThreeD-recontrution\4out\0011.tif 
0012.tif,E:\Myreconstruction\ThreeD-recontrution\ThreeD-recontrution\4out\0012.tif 
0013.tif,E:\Myreconstruction\ThreeD-recontrution\ThreeD-recontrution\4out\0013.tif 
0014.tif,E:\Myreconstruction\ThreeD-recontrution\ThreeD-recontrution\4out\0014.tif 
0015.tif,E:\Myreconstruction\ThreeD-recontrution\ThreeD-recontrution\4out\0015.tif 
0016.tif,E:\Myreconstruction\ThreeD-recontrution\ThreeD-recontrution\4out\0016.tif 
0017.tif,E:\Myreconstruction\ThreeD-recontrution\ThreeD-recontrution\4out\0017.tif 
0018.tif,E:\Myreconstruction\ThreeD-recontrution\ThreeD-recontrution\4out\0018.tif 
0019.tif,E:\Myreconstruction\ThreeD-recontrution\ThreeD-recontrution\4out\0019.tif 
0020.tif,E:\Myreconstruction\ThreeD-recontrution\ThreeD-recontrution\4out\0020.tif 
0021.tif,E:\Myreconstruction\ThreeD-recontrution\ThreeD-recontrution\4out\0021.tif 
0022.tif,E:\Myreconstruction\ThreeD-recontrution\ThreeD-recontrution\4out\0022.tif 
0023.tif,E:\Myreconstruction\ThreeD-recontrution\ThreeD-recontrution\4out\0023.tif 
0024.tif,E:\Myreconstruction\ThreeD-recontrution\ThreeD-recontrution\4out\0024.tif 
0025.tif,E:\Myreconstruction\ThreeD-recontrution\ThreeD-recontrution\4out\0025.tif 
0026.tif,E:\Myreconstruction\ThreeD-recontrution\ThreeD-recontrution\4out\0026.tif 
0027.tif,E:\Myreconstruction\ThreeD-recontrution\ThreeD-recontrution\4out\0027.tif 
0028.tif,E:\Myreconstruction\ThreeD-recontrution\ThreeD-recontrution\4out\0028.tif 
0029.tif,E:\Myreconstruction\ThreeD-recontrution\ThreeD-recontrution\4out\0029.tif 
0030.tif,E:\Myreconstruction\ThreeD-recontrution\ThreeD-recontrution\4out\0030.tif 
0031.tif,E:\Myreconstruction\ThreeD-recontrution\ThreeD-recontrution\4out\0031.tif 
0032.tif,E:\Myreconstruction\ThreeD-recontrution\ThreeD-recontrution\4out\0032.tif 
0033.tif,E:\Myreconstruction\ThreeD-recontrution\ThreeD-recontrution\4out\0033.tif 
0034.tif,E:\Myreconstruction\ThreeD-recontrution\ThreeD-recontrution\4out\0034.tif 
0035.tif,E:\Myreconstruction\ThreeD-recontrution\ThreeD-recontrution\4out\0035.tif 
0036.tif,E:\Myreconstruction\ThreeD-recontrution\ThreeD-recontrution\4out\0036.tif 
0037.tif,E:\Myreconstruction\ThreeD-recontrution\ThreeD-recontrution\4out\0037.tif 
0038.tif,E:\Myreconstruction\ThreeD-recontrution\ThreeD-recontrution\4out\0038.tif 
0039.tif,E:\Myreconstruction\ThreeD-recontrution\ThreeD-recontrution\4out\0039.tif 
0040.tif,E:\Myreconstruction\ThreeD-recontrution\ThreeD-recontrution\4out\0040.tif 
0041.tif,E:\Myreconstruction\ThreeD-recontrution\ThreeD-recontrution\4out\0041.tif 
0042.tif,E:\Myreconstruction\ThreeD-recontrution\ThreeD-recontrution\4out\0042.tif 
0043.tif,E:\Myreconstruction\ThreeD-recontrution\ThreeD-recontrution\4out\0043.tif 
0044.tif,E:\Myreconstruction\ThreeD-recontrution\ThreeD-recontrution\4out\0044.tif 
0045.tif,E:\Myreconstruction\ThreeD-recontrution\ThreeD-recontrution\4out\0045.tif 
0046.tif,E:\Myreconstruction\ThreeD-recontrution\ThreeD-recontrution\4out\0046.tif 
0047.tif,E:\Myreconstruction\ThreeD-recontrution\ThreeD-recontrution\4out\0047.tif 
0048.tif,E:\Myreconstruction\ThreeD-recontrution\ThreeD-recontrution\4out\0048.tif 
0049.tif,E:\Myreconstruction\ThreeD-recontrution\ThreeD-recontrution\4out\0049.tif 
0050.tif,E:\Myreconstruction\ThreeD-recontrution\ThreeD-recontrution\4out\0050.tif 
0051.tif,E:\Myreconstruction\ThreeD-recontrution\ThreeD-recontrution\4out\0051.tif 
0052.tif,E:\Myreconstruction\ThreeD-recontrution\ThreeD-recontrution\4out\0052.tif 
0053.tif,E:\Myreconstruction\ThreeD-recontrution\ThreeD-recontrution\4out\0053.tif 
0054.tif,E:\Myreconstruction\ThreeD-recontrution\ThreeD-recontrution\4out\0054.tif 
0055.tif,E:\Myreconstruction\ThreeD-recontrution\ThreeD-recontrution\4out\0055.tif 
0056.tif,E:\Myreconstruction\ThreeD-recontrution\ThreeD-recontrution\4out\0056.tif 
0057.tif,E:\Myreconstruction\ThreeD-recontrution\ThreeD-recontrution\4out\0057.tif 
0058.tif,E:\Myreconstruction\ThreeD-recontrution\ThreeD-recontrution\4out\0058.tif 
0059.tif,E:\Myreconstruction\ThreeD-recontrution\ThreeD-recontrution\4out\0059.tif 
0060.tif,E:\Myreconstruction\ThreeD-recontrution\ThreeD-recontrution\4out\0060.tif 
0061.tif,E:\Myreconstruction\ThreeD-recontrution\ThreeD-recontrution\4out\0061.tif 
0062.tif,E:\Myreconstruction\ThreeD-recontrution\ThreeD-recontrution\4out\0062.tif 
0063.tif,E:\Myreconstruction\ThreeD-recontrution\ThreeD-recontrution\4out\0063.tif 
0064.tif,E:\Myreconstruction\ThreeD-recontrution\ThreeD-recontrution\4out\0064.tif 
0065.tif,E:\Myreconstruction\ThreeD-recontrution\ThreeD-recontrution\4out\0065.tif 
0066.tif,E:\Myreconstruction\ThreeD-recontrution\ThreeD-recontrution\4out\0066.tif 
0067.tif,E:\Myreconstruction\ThreeD-recontrution\ThreeD-recontrution\4out\0067.tif 
0068.tif,E:\Myreconstruction\ThreeD-recontrution\ThreeD-recontrution\4out\0068.tif 
0069.tif,E:\Myreconstruction\ThreeD-recontrution\ThreeD-recontrution\4out\0069.tif 
0070.tif,E:\Myreconstruction\ThreeD-recontrution\ThreeD-recontrution\4out\0070.tif 
0071.tif,E:\Myreconstruction\ThreeD-recontrution\ThreeD-recontrution\4out\0071.tif 
0072.tif,E:\Myreconstruction\ThreeD-recontrution\ThreeD-recontrution\4out\0072.tif 
0073.tif,E:\Myreconstruction\ThreeD-recontrution\ThreeD-recontrution\4out\0073.tif 
0074.tif,E:\Myreconstruction\ThreeD-recontrution\ThreeD-recontrution\4out\0074.tif 
0075.tif,E:\Myreconstruction\ThreeD-recontrution\ThreeD-recontrution\4out\0075.tif 
0076.tif,E:\Myreconstruction\ThreeD-recontrution\ThreeD-recontrution\4out\0076.tif 
0077.tif,E:\Myreconstruction\ThreeD-recontrution\ThreeD-recontrution\4out\0077.tif 
0078.tif,E:\Myreconstruction\ThreeD-recontrution\ThreeD-recontrution\4out\0078.tif 
0079.tif,E:\Myreconstruction\ThreeD-recontrution\ThreeD-recontrution\4out\0079.tif 
0080.tif,E:\Myreconstruction\ThreeD-recontrution\ThreeD-recontrution\4out\0080.tif 
0081.tif,E:\Myreconstruction\ThreeD-recontrution\ThreeD-recontrution\4out\0081.tif 
0082.tif,E:\Myreconstruction\ThreeD-recontrution\ThreeD-recontrution\4out\0082.tif 
0083.tif,E:\Myreconstruction\ThreeD-recontrution\ThreeD-recontrution\4out\0083.tif 
0084.tif,E:\Myreconstruction\ThreeD-recontrution\ThreeD-recontrution\4out\0084.tif 
0085.tif,E:\Myreconstruction\ThreeD-recontrution\ThreeD-recontrution\4out\0085.tif 
0086.tif,E:\Myreconstruction\ThreeD-recontrution\ThreeD-recontrution\4out\0086.tif 
0087.tif,E:\Myreconstruction\ThreeD-recontrution\ThreeD-recontrution\4out\0087.tif 
0088.tif,E:\Myreconstruction\ThreeD-recontrution\ThreeD-recontrution\4out\0088.tif 
0089.tif,E:\Myreconstruction\ThreeD-recontrution\ThreeD-recontrution\4out\0089.tif 
0090.tif,E:\Myreconstruction\ThreeD-recontrution\ThreeD-recontrution\4out\0090.tif 
0091.tif,E:\Myreconstruction\ThreeD-recontrution\ThreeD-recontrution\4out\0091.tif 
0092.tif,E:\Myreconstruction\ThreeD-recontrution\ThreeD-recontrution\4out\0092.tif 
0093.tif,E:\Myreconstruction\ThreeD-recontrution\ThreeD-recontrution\4out\0093.tif 
0094.tif,E:\Myreconstruction\ThreeD-recontrution\ThreeD-recontrution\4out\0094.tif 
0095.tif,E:\Myreconstruction\ThreeD-recontrution\ThreeD-recontrution\4out\0095.tif 
0096.tif,E:\Myreconstruction\ThreeD-recontrution\ThreeD-recontrution\4out\0096.tif 
0097.tif,E:\Myreconstruction\ThreeD-recontrution\ThreeD-recontrution\4out\0097.tif 
0098.tif,E:\Myreconstruction\ThreeD-recontrution\ThreeD-recontrution\4out\0098.tif 
0099.tif,E:\Myreconstruction\ThreeD-recontrution\ThreeD-recontrution\4out\0099.tif 
0100.tif,E:\Myreconstruction\ThreeD-recontrution\ThreeD-recontrution\4out\0100.tif 
0101.tif,E:\Myreconstruction\ThreeD-recontrution\ThreeD-recontrution\4out\0101.tif 
0102.tif,E:\Myreconstruction\ThreeD-recontrution\ThreeD-recontrution\4out\0102.tif 
0103.tif,E:\Myreconstruction\ThreeD-recontrution\ThreeD-recontrution\4out\0103.tif 
0104.tif,E:\Myreconstruction\ThreeD-recontrution\ThreeD-recontrution\4out\0104.tif 
0105.tif,E:\Myreconstruction\ThreeD-recontrution\ThreeD-recontrution\4out\0105.tif 
0106.tif,E:\Myreconstruction\ThreeD-recontrution\ThreeD-recontrution\4out\0106.tif 
0107.tif,E:\Myreconstruction\ThreeD-recontrution\ThreeD-recontrution\4out\0107.tif 
0108.tif,E:\Myreconstruction\ThreeD-recontrution\ThreeD-recontrution\4out\0108.tif 
0109.tif,E:\Myreconstruction\ThreeD-recontrution\ThreeD-recontrution\4out\0109.tif 
0110.tif,E:\Myreconstruction\ThreeD-recontrution\ThreeD-recontrution\4out\0110.tif 
0111.tif,E:\Myreconstruction\ThreeD-recontrution\ThreeD-recontrution\4out\0111.tif 
0112.tif,E:\Myreconstruction\ThreeD-recontrution\ThreeD-recontrution\4out\0112.tif 
0113.tif,E:\Myreconstruction\ThreeD-recontrution\ThreeD-recontrution\4out\0113.tif 
0114.tif,E:\Myreconstruction\ThreeD-recontrution\ThreeD-recontrution\4out\0114.tif 
0115.tif,E:\Myreconstruction\ThreeD-recontrution\ThreeD-recontrution\4out\0115.tif 
0116.tif,E:\Myreconstruction\ThreeD-recontrution\ThreeD-recontrution\4out\0116.tif 
0117.tif,E:\Myreconstruction\ThreeD-recontrution\ThreeD-recontrution\4out\0117.tif 
0118.tif,E:\Myreconstruction\ThreeD-recontrution\ThreeD-recontrution\4out\0118.tif 
0119.tif,E:\Myreconstruction\ThreeD-recontrution\ThreeD-recontrution\4out\0119.tif 
0120.tif,E:\Myreconstruction\ThreeD-recontrution\ThreeD-recontrution\4out\0120.tif 
0121.tif,E:\Myreconstruction\ThreeD-recontrution\ThreeD-recontrution\4out\0121.tif 
0122.tif,E:\Myreconstruction\ThreeD-recontrution\ThreeD-recontrution\4out\0122.tif 
0123.tif,E:\Myreconstruction\ThreeD-recontrution\ThreeD-recontrution\4out\0123.tif 
0124.tif,E:\Myreconstruction\ThreeD-recontrution\ThreeD-recontrution\4out\0124.tif 
0125.tif,E:\Myreconstruction\ThreeD-recontrution\ThreeD-recontrution\4out\0125.tif 
0126.tif,E:\Myreconstruction\ThreeD-recontrution\ThreeD-recontrution\4out\0126.tif 
0127.tif,E:\Myreconstruction\ThreeD-recontrution\ThreeD-recontrution\4out\0127.tif 
0128.tif,E:\Myreconstruction\ThreeD-recontrution\ThreeD-recontrution\4out\0128.tif 
0129.tif,E:\Myreconstruction\ThreeD-recontrution\ThreeD-recontrution\4out\0129.tif 
0130.tif,E:\Myreconstruction\ThreeD-recontrution\ThreeD-recontrution\4out\0130.tif 
0131.tif,E:\Myreconstruction\ThreeD-recontrution\ThreeD-recontrution\4out\0131.tif 
0132.tif,E:\Myreconstruction\ThreeD-recontrution\ThreeD-recontrution\4out\0132.tif 
0133.tif,E:\Myreconstruction\ThreeD-recontrution\ThreeD-recontrution\4out\0133.tif 
0134.tif,E:\Myreconstruction\ThreeD-recontrution\ThreeD-recontrution\4out\0134.tif 
0135.tif,E:\Myreconstruction\ThreeD-recontrution\ThreeD-recontrution\4out\0135.tif 
0136.tif,E:\Myreconstruction\ThreeD-recontrution\ThreeD-recontrution\4out\0136.tif 
0137.tif,E:\Myreconstruction\ThreeD-recontrution\ThreeD-recontrution\4out\0137.tif 
0138.tif,E:\Myreconstruction\ThreeD-recontrution\ThreeD-recontrution\4out\0138.tif 
0139.tif,E:\Myreconstruction\ThreeD-recontrution\ThreeD-recontrution\4out\0139.tif 
0140.tif,E:\Myreconstruction\ThreeD-recontrution\ThreeD-recontrution\4out\0140.tif 
0141.tif,E:\Myreconstruction\ThreeD-recontrution\ThreeD-recontrution\4out\0141.tif 
0142.tif,E:\Myreconstruction\ThreeD-recontrution\ThreeD-recontrution\4out\0142.tif 
0143.tif,E:\Myreconstruction\ThreeD-recontrution\ThreeD-recontrution\4out\0143.tif 
filelist.csv,E:\Myreconstruction\ThreeD-recontrution\ThreeD-recontrution\4out\filelist.csv 
filename_ext.bat,E:\Myreconstruction\ThreeD-recontrution\ThreeD-recontrution\4out\filename_ext.bat 
rename.bat,E:\Myreconstruction\ThreeD-recontrution\ThreeD-recontrution\4out\rename.bat 
